Password,FirstName,LastName,Email,AccountID
K4&6$B)p@*,Randy,Gonzalez,randy.gonzalez@admin.com,1
tr6!%SCq%Q,William,Scott,william.scott@admin.com,2
%U_aR%vpk3,Adam,Rodriguez,adam.rodriguez@admin.com,3
xhdoIQzc$7,Charles,White,charles.white@admin.com,4
&v5BwFbq@#,Harold,Curtis,harold.curtis@admin.com,5
4WGs3yFv_w,Shane,Williams,cking@brown-stewart.com,6
)IBmCii&65,Alyssa,Price,melissafuller@rodriguez-duncan.biz,7
Xj4@7YfrYr,Stephanie,Atkinson,tonya45@yahoo.com,8
g3Y9o#F$$3,Stanley,Jones,nathanwright@yahoo.com,9
44M6LYNv&K,William,Garrett,jason69@woodward.org,10
*%5UKeOo&D,Stephanie,Cervantes,lisa41@gmail.com,11
(@8JHiD9@&,Stephanie,Garcia,jessica89@mccarthy.com,12
!4uoAW7s)B,Nicole,Harvey,lewiskrystal@gmail.com,13
Af26YkauS@,Timothy,Walls,robert70@torres.com,14
+c3M2ZMmsU,Elizabeth,Phillips,shirley63@yahoo.com,15
11Uz#8Wtkm,James,Taylor,gnelson@hotmail.com,16
M)!55PiN+i,Sharon,Perez,klopez@yahoo.com,17
+3TB6+EyWQ,Jacqueline,Clark,gabrielle24@gmail.com,18
Jq2lL$L#g%,Ann,Brown,hmatthews@yahoo.com,19
(8&EN%+Md6,Cody,Weaver,hensonlaura@moore.com,20
^f6OMSbm_n,Rachel,Byrd,christopher27@gutierrez.biz,21
##HCnZbc65,Connor,Valenzuela,mhunter@thomas.net,22
&zbUGRz!q3,Brendan,Baker,vargasshannon@yahoo.com,23
y8(U7ErY)I,Matthew,Rhodes,wellsmonique@gmail.com,24
(LEidv$KB5,Audrey,Price,lowemanuel@gross.com,25
)AQ7IS7mHq,Tina,Rangel,erindavis@gmail.com,26
%@0FQf!DaS,Chad,Mccullough,jennifer07@ramos.com,27
0$k1Vg8&xb,Stacey,Reed,gsharp@yahoo.com,28
8bQZKEza$2,Amanda,Conrad,kwilliams@yahoo.com,29
RO@2L)YrL$,Anthony,Foster,villegasscott@fowler.com,30
o9$i_9Gr)j,Marcus,Reynolds,ralphnelson@johnson-maynard.com,31
_6)MtGUr54,Alexander,Becker,tjacobson@yahoo.com,32
@38Cjj^)7B,Jennifer,Blackburn,tracy75@ray.biz,33
_d(P1Zzqw6,Monica,Alexander,benjamin24@strickland-marshall.com,34
D8pc8JoQ@R,Dawn,Hale,crystalbarron@yahoo.com,35
Dc&H9bEu3!,Jerry,Rodriguez,clinton14@tate.info,36
$1fALg2%7%,Mary,Decker,jeanette90@hotmail.com,37
(2Zjb99MA0,Lisa,Combs,brian83@torres-johnson.net,38
3nWWM5Li!y,Norma,Green,monica80@hotmail.com,39
Q)3MzSkVs%,Robert,Garcia,amy02@gmail.com,40
x6NhoxFm^d,Tony,Patel,wreynolds@davis.com,41
_eaSRa8jO2,Edward,Robinson,tallen@bowman.com,42
*X)JagSo3S,Matthew,Garner,gilbertjon@yahoo.com,43
tf!Q0H(cs_,Crystal,Bennett,dpierce@yahoo.com,44
s#Hso4oI&4,Stephen,Hansen,dgarcia@ramsey.net,45
R#06A%9(8i,Suzanne,Watson,brownstephanie@gmail.com,46
N05N9daQ#7,Joseph,Hancock,wrichardson@foster-martinez.info,47
f02YXGa6$6,Rachel,Schaefer,phowe@smith-peterson.com,48
%R0mUs#E8Z,Xavier,Matthews,mannaustin@yahoo.com,49
Zu#2ZMLz6_,Michael,Hawkins,garrisonthomas@yahoo.com,50
!08HtU4tG(,Kaitlin,Smith,gjennings@le.org,51
+7HXEjqxQ4,Jill,Reeves,mannmary@murphy.com,52
t0D8Ax#s#b,James,Hines,christopherlewis@hotmail.com,53
Y+Y5JkqvNw,Laura,Rhodes,claire59@gmail.com,54
zD#4_Jok@l,Colin,Wagner,ramostina@bean-jones.com,55
Ovr5Vez1@6,Todd,Jimenez,pamelamorrison@martinez.biz,56
+29Jld7k@t,Joel,Scott,katherinehunt@gmail.com,57
M$o8W+Esg!,Angela,Webb,yvonne19@gmail.com,58
B7PUx9JD#l,Linda,Olson,uleach@hopkins.net,59
Z5JkPXGu(3,Sarah,Nichols,hillrobert@gmail.com,60
i3BJPSi1+A,Johnny,Taylor,nmoore@hotmail.com,61
(4e65TNhp3,Karen,Miller,crystalclayton@ward.info,62
kj2Ktvcn+r,Jessica,Lawson,hallen@hotmail.com,63
U90jj&gd%I,Aaron,Anderson,aaronreynolds@yahoo.com,64
!5J2*$t8Vv,Laura,Mcintyre,lgiles@hotmail.com,65
c*3YryIrR8,Cynthia,Steele,zhenderson@washington-brown.com,66
+!8NNbcBi),James,Phillips,lcopeland@perez.net,67
*!2P5Hcglx,Diane,Morton,nichole37@cook.info,68
#3AMbck7!G,Donald,King,michelle40@garcia.biz,69
MJ$%7Fe&RJ,Angela,Cisneros,jenniferscott@hotmail.com,70
I8QSgh5D#_,Elizabeth,Peterson,robertburke@roberts.org,71
3dQR6RlJJ#,Clayton,Cochran,sarah97@hamilton.com,72
k^67^FaocC,Jacqueline,Fisher,amy86@yahoo.com,73
h7y(9BmQAm,Kristina,Johnson,awinters@yahoo.com,74
*dRMG#jQ*3,Andrea,Perry,deanwalker@brown.com,75
ZH5q2bQr)c,Shelby,Williams,jefferyraymond@underwood.com,76
hB5aYQcC(m,Mary,Nash,hawkinsjared@gross.biz,77
d4J$lShB(j,Sandra,Robinson,danielledowns@gmail.com,78
$v1uL+WnJ#,David,Greer,kimberly34@gmail.com,79
v#4MNs2J^F,John,Mason,christina51@yahoo.com,80
%SgRsy4Ny5,Andrea,Irwin,dalehansen@brown-taylor.com,81
$@Y(%9NbZC,Michelle,Johnson,stephanie43@miller.com,82
W9%4OSMyzc,Amanda,Williams,carriehooper@hotmail.com,83
5PR(a1SpPF,Sarah,Turner,aaron93@hotmail.com,84
9Y929hSh)+,Denise,Brown,fconner@hotmail.com,85
((vZr9HMg9,Ricky,Powell,marissatorres@gmail.com,86
s*^O5lGc)D,Adam,Gonzalez,danielburns@jordan.com,87
)TNekh%1c0,David,Chan,sharonryan@lawson-huff.info,88
eS^6Egdx$J,William,Mccarty,marykrause@morales.com,89
+I*pr1Mi)7,Stephanie,Chandler,sonya25@gmail.com,90
P$16V8j*II,Susan,Lopez,peterfernandez@haynes-lewis.org,91
H*8XFWdkio,Frank,Yang,vjensen@patterson.net,92
av#2+LdSLq,Chase,Gay,ustewart@johnson-gross.com,93
NA^0Y!ZvJ&,Erin,Marquez,ggarcia@yahoo.com,94
)c9YH7Gd4Q,Shelley,Williams,caseywalls@valdez.com,95
@ceWWVGb59,Kevin,Wood,castanedamichael@hotmail.com,96
!yTDlOOV3I,Scott,Woodard,danamartin@shaw.com,97
g%$oG@_G!8,Shirley,Bowman,gfox@valenzuela-white.com,98
Yq4GAfa2^%,Max,Butler,amylewis@hotmail.com,99
t4+QD2mi^U,Erin,Graham,patrickpena@hotmail.com,100
